date;text;uuid;modifiedDate;timeZoneIdentifier
2024-01-15T08:30:00.000Z;"Lorem ipsum dolor sit amet, consectetur adipiscing elit. Sed do eiusmod tempor incididunt ut labore et dolore magna aliqua. Ut enim ad minim veniam, quis nostrud exercitation ullamco laboris nisi ut aliquip ex ea commodo consequat.";A1B2C3D4E5F678901234567890ABCDEF;2024-01-15T10:45:23.000Z;Europe/Berlin
2024-01-16T14:22:00.000Z;"Heute war ein wunderschöner Tag im Park. Die Sonne schien und die Vögel sangen. Ich habe eine lange Wanderung gemacht und dabei viele interessante Menschen getroffen. Es war wirklich entspannend und erholsam.";B2C3D4E5F678901234567890ABCDEF1;2024-01-16T16:30:15.000Z;Europe/Berlin
2024-01-17T19:45:00.000Z;"Meeting with the development team about the new project requirements. We discussed the technical specifications and timeline. Everyone seems excited about the challenge ahead. Need to follow up on the action items tomorrow.";C3D4E5F678901234567890ABCDEF12;2024-01-17T21:15:42.000Z;Europe/Berlin
2024-01-18T12:00:00.000Z;"Frühstück mit Freunden im Café am Marktplatz. Wir haben über alte Zeiten gesprochen und viel gelacht. Das Croissant war fantastisch und der Kaffee perfekt. Ein perfekter Start in den Tag.";D4E5F678901234567890ABCDEF123;2024-01-18T13:45:30.000Z;Europe/Berlin
2024-01-19T16:30:00.000Z;"Working on the new website design. The client wants a modern, minimalist approach with lots of white space. I think the new color scheme will work really well. Need to finish the mockups by Friday.";E5F678901234567890ABCDEF1234;2024-01-19T18:20:10.000Z;Europe/Berlin
2024-01-20T09:15:00.000Z;"Spaziergang im Wald bei Sonnenaufgang. Die Luft war frisch und rein. Ich habe Rehe gesehen und die Stille genossen. Manchmal braucht man diese Momente der Ruhe und Verbindung zur Natur.";F678901234567890ABCDEF12345;2024-01-20T11:00:25.000Z;Europe/Berlin
2024-01-21T20:00:00.000Z;"Dinner with colleagues at the new Italian restaurant downtown. The pasta was amazing and the wine selection excellent. Great conversation about work and life. We should do this more often.";678901234567890ABCDEF123456;2024-01-21T22:30:18.000Z;Europe/Berlin
2024-01-22T07:30:00.000Z;"Early morning workout at the gym. Did some cardio and strength training. Feeling energized and ready for the day. Need to maintain this routine for better health and productivity.";789012345678901234567890ABCDEF;2024-01-22T09:15:33.000Z;Europe/Berlin
2024-01-23T15:45:00.000Z;"Besuch bei der Großmutter im Altenheim. Sie hat sich sehr gefreut und wir haben stundenlang über die Vergangenheit gesprochen. Sie erzählte Geschichten aus ihrer Jugend. Diese Momente sind so wertvoll.";89012345678901234567890ABCDEF1;2024-01-23T17:20:45.000Z;Europe/Berlin
2024-01-24T11:20:00.000Z;"Project presentation went really well today. The client was impressed with our work and approved the next phase. Team morale is high and we're all looking forward to the challenges ahead.";9012345678901234567890ABCDEF12;2024-01-24T13:10:22.000Z;Europe/Berlin 